{"cameraMode":{"drawMode":0,"name":"Shaded","section":"Shading Mode"},"sceneLighting":false,"audioPlay":false,"sceneViewState":{"m_AlwaysRefresh":false,"showFog":true,"showSkybox":false,"showFlares":true,"showImageEffects":true,"showParticleSystems":true,"showVisualEffectGraphs":true,"m_FxEnabled":true},"in2DMode":false,"pivot":{"x":-0.07779812812805176,"y":0.24657730758190156,"z":-0.14311453700065614},"rotation":{"x":0.24754664301872254,"y":-0.3233620226383209,"z":0.0879901871085167,"w":0.9091957807540894},"size":2.127838373184204,"orthographic":false}